{"phon2":"phon2","address":"address","city":"city","county":"county","last_name":"last_name","risk_factor":"risk_factor","phone1":"phone1","number":"number","web":"web","company":"company","state":"state","postal_code":"postal_code","first_name":"first_name","email":"email"}
{"phon2":"504-845-1427","address":"6649 N Blue Gum St","city":"New Orleans","county":"Orleans","last_name":"Butt","risk_factor":"1.30104582103399","phone1":"504-621-8927","number":"730","web":"http:\/\/www.bentonjohnbjr.com","company":"Benton, John B Jr","state":"LA","postal_code":"70116","first_name":"James","email":"jbutt@gmail.com"}
{"phon2":"810-374-9840","address":"4 B Blue Ridge Blvd","city":"Brighton","county":"Livingston","last_name":"Darakjy","risk_factor":"2.1116117160137","phone1":"810-292-9388","number":"220","web":"http:\/\/www.chanayjeffreyaesq.com","company":"Chanay, Jeffrey A Esq","state":"MI","postal_code":"48116","first_name":"Josephine","email":"josephine_darakjy@darakjy.org"}
{"phon2":"856-264-4130","address":"8 W Cerritos Ave #54","city":"Bridgeport","county":"Gloucester","last_name":"Venere","risk_factor":"2.3388044903613","phone1":"856-636-8749","number":"149","web":"http:\/\/www.chemeljameslcpa.com","company":"Chemel, James L Cpa","state":"NJ","postal_code":"8014","first_name":"Art","email":"art@venere.org"}
{"phon2":"907-921-2010","address":"639 Main St","city":"Anchorage","county":"Anchorage","last_name":"Paprocki","risk_factor":"0.376662709558313","phone1":"907-385-4412","number":"98","web":"http:\/\/www.feltzprintingservice.com","company":"Feltz Printing Service","state":"AK","postal_code":"99501","first_name":"Lenna","email":"lpaprocki@hotmail.com"}
{"phon2":"513-549-4561","address":"34 Center St","city":"Hamilton","county":"Butler","last_name":"Foller","risk_factor":"4.82079960193436","phone1":"513-570-1893","number":"121","web":"http:\/\/www.printingdimensions.com","company":"Printing Dimensions","state":"OH","postal_code":"45011","first_name":"Donette","email":"donette.foller@cox.net"}
{"phon2":"419-800-6759","address":"3 Mcauley Dr","city":"Ashland","county":"Ashland","last_name":"Morasca","risk_factor":"4.69311653149876","phone1":"419-503-2484","number":"842","web":"http:\/\/www.chapmanrosseesq.com","company":"Chapman, Ross E Esq","state":"OH","postal_code":"44805","first_name":"Simona","email":"simona@morasca.com"}
{"phon2":"773-924-8565","address":"7 Eads St","city":"Chicago","county":"Cook","last_name":"Tollner","risk_factor":"4.86015778395839","phone1":"773-573-6914","number":"917","web":"http:\/\/www.morlongassociates.com","company":"Morlong Associates","state":"IL","postal_code":"60632","first_name":"Mitsue","email":"mitsue_tollner@yahoo.com"}
{"phon2":"408-813-1105","address":"7 W Jackson Blvd","city":"San Jose","county":"Santa Clara","last_name":"Dilliard","risk_factor":"2.70306608628568","phone1":"408-752-3500","number":"1002","web":"http:\/\/www.commercialpress.com","company":"Commercial Press","state":"CA","postal_code":"95111","first_name":"Leota","email":"leota@hotmail.com"}
{"phon2":"605-794-4895","address":"5 Boston Ave #88","city":"Sioux Falls","county":"Minnehaha","last_name":"Wieser","risk_factor":"3.12710115729448","phone1":"605-414-2147","number":"488","web":"http:\/\/www.truhlarandtruhlarattys.com","company":"Truhlar And Truhlar Attys","state":"SD","postal_code":"57105","first_name":"Sage","email":"sage_wieser@cox.net"}
{"phon2":"410-804-4694","address":"228 Runamuck Pl #2808","city":"Baltimore","county":"Baltimore City","last_name":"Marrier","risk_factor":"3.70803069255018","phone1":"410-655-8723","number":"568","web":"http:\/\/www.kingchristopheraesq.com","company":"King, Christopher A Esq","state":"MD","postal_code":"21224","first_name":"Kris","email":"kris@gmail.com"}
{"phon2":"215-422-8694","address":"2371 Jerrold Ave","city":"Kulpsville","county":"Montgomery","last_name":"Amigon","risk_factor":"0.197801565687088","phone1":"215-874-1229","number":"917","web":"http:\/\/www.dorljamesjesq.com","company":"Dorl, James J Esq","state":"PA","postal_code":"19443","first_name":"Minna","email":"minna_amigon@yahoo.com"}
{"phon2":"631-677-3675","address":"37275 St  Rt 17m M","city":"Middle Island","county":"Suffolk","last_name":"Maclead","risk_factor":"0.954631942989808","phone1":"631-335-3414","number":"836","web":"http:\/\/www.rangoniofflorence.com","company":"Rangoni Of Florence","state":"NY","postal_code":"11953","first_name":"Abel","email":"amaclead@gmail.com"}
{"phon2":"310-254-3084","address":"25 E 75th St #69","city":"Los Angeles","county":"Los Angeles","last_name":"Caldarera","risk_factor":"0.443325045071515","phone1":"310-498-5651","number":"624","web":"http:\/\/www.feinerbros.com","company":"Feiner Bros","state":"CA","postal_code":"90034","first_name":"Kiley","email":"kiley.caldarera@aol.com"}
{"phon2":"440-579-7763","address":"98 Connecticut Ave Nw","city":"Chagrin Falls","county":"Geauga","last_name":"Ruta","risk_factor":"3.10392848591882","phone1":"440-780-8425","number":"771","web":"http:\/\/www.buckleymillerwright.com","company":"Buckley Miller & Wright","state":"OH","postal_code":"44023","first_name":"Graciela","email":"gruta@cox.net"}
{"phon2":"956-841-7216","address":"56 E Morehead St","city":"Laredo","county":"Webb","last_name":"Albares","risk_factor":"4.54852077857535","phone1":"956-537-6195","number":"525","web":"http:\/\/www.rousseauxmichaelesq.com","company":"Rousseaux, Michael Esq","state":"TX","postal_code":"78045","first_name":"Cammy","email":"calbares@gmail.com"}
{"phon2":"602-953-6360","address":"73 State Road 434 E","city":"Phoenix","county":"Maricopa","last_name":"Poquette","risk_factor":"4.01359512394234","phone1":"602-277-4385","number":"487","web":"http:\/\/www.centurycommunications.com","company":"Century Communications","state":"AZ","postal_code":"85013","first_name":"Mattie","email":"mattie@aol.com"}
{"phon2":"931-235-7959","address":"69734 E Carrillo St","city":"Mc Minnville","county":"Warren","last_name":"Garufi","risk_factor":"2.33206249023171","phone1":"931-313-9635","number":"1101","web":"http:\/\/www.boltonwilburesq.com","company":"Bolton, Wilbur Esq","state":"TN","postal_code":"37110","first_name":"Meaghan","email":"meaghan@hotmail.com"}
{"phon2":"414-377-2880","address":"322 New Horizon Blvd","city":"Milwaukee","county":"Milwaukee","last_name":"Rim","risk_factor":"2.15123713302263","phone1":"414-661-9598","number":"831","web":"http:\/\/www.tmbyxbeecompanypc.com","company":"T M Byxbee Company Pc","state":"WI","postal_code":"53207","first_name":"Gladys","email":"gladys.rim@rim.org"}
{"phon2":"313-341-4470","address":"1 State Route 27","city":"Taylor","county":"Wayne","last_name":"Whobrey","risk_factor":"0.926998868065159","phone1":"313-288-7937","number":"111","web":"http:\/\/www.farmersinsurancegroup.com","company":"Farmers Insurance Group","state":"MI","postal_code":"48180","first_name":"Yuki","email":"yuki_whobrey@aol.com"}
